Feature,Importance
CreditScore,-0.06149615172296737
Age,0.8685072491755671
Tenure,-0.04195178172499282
Balance,-0.02776939310028903
NumOfProducts,-0.3850812789469413
HasCrCard,-0.081758254205057
IsActiveMember,-0.5836277335198357
EstimatedSalary,-0.023057413862647567
Female,0.16561180863358033
Male,-0.16561180863358033
France,-0.15575188290829503
Germany,0.3028812964451776
Spain,-0.11231185439816534
